{"short": 446467.1327008928, "tall": 530508.5351071429}